code,per,pbr,roe_pct,equity_ratio_pct,dividend_yield_pct,op_income_yoy_pct,credit_ratio,vol5,vol25,volratio_5_25,deviation_25ma_pct
215A,56.7601,8.6181,15.28,42.4,0,1,,1665660,2381700,0.6994,-8.2709
3674,174.2105,0.851,0.49,57.8,0,-93.4,,28540,15348,1.8595,-2.1289
7762,18.2844,1.9957,10.74,62.6,3.0651,32,,1400740,1605368,0.8725,-2.8631
1450,9.3513,1.4039,15.18,76.6,3.6545,43.3,,2520,3464,0.7275,1.7497
155A,17.5162,4.3084,22.19,42.7,0,1,,55280,39544,1.3979,-9.7722
7453,43.9324,6.7383,15.33,59,0.7594,-55,,2761840,2673376,1.0331,1.9056
7013,16.6882,4.4008,24.69,26.9,1.1634,-62.7,,10411520,11573784,0.8996,-0.5239
3498,14.4575,4.0969,28.34,29.7,2.2059,1,,254380,288516,0.8817,0.1821
6405,22.848,1.1142,4.87,67.6,3.876,-29.2,,26120,28032,0.9318,4.1734
247A,21.8743,10.192,43.89,32.8,0,1,,1030560,1190164,0.8659,-5.7577
5621,13.4287,2.8356,21.2,77.6,2.0539,1,,18700,20564,0.9094,-1.857
3773,14.3462,1.1743,7.85,84.2,3.1874,116.2,,28320,33564,0.8438,-0.2203
2593,22.7591,1.5957,6.34,51.4,1.5559,-4.9,,448760,492500,0.9112,-1.3608
7794,-88.0068,9.4307,18.45,68.1,0,1,,155540,318800,0.4879,4.4004
4689,17.8012,1.1388,6.46,26.8,1.4662,-3.2,,19254360,20006868,0.9624,-6.8573
6501,25.7172,3.7829,14.6,43.7,1.4125,-6.8,,11979120,10135900,1.1819,2.3457
6460,20.5171,1.877,9.15,56.5,2.4962,-27.8,,1105180,1069128,1.0337,2.2969
6702,22.77,3.486,15.23,59.6,1.8432,-24.1,,5860380,6685772,0.8765,4.4008
8267,46.6439,2.7929,6.04,7.9,1.1789,17.2,,13763820,11355436,1.2121,-8.1157
7595,11.5407,1.7027,15.22,60.3,9.2639,18.1,,265960,205052,1.297,-5.6442
3355,9.2263,0.7124,7.23,54.8,3.5714,2.1,,16040,23904,0.671,-1.8677
5803,28.4393,16.5401,53.57,57.8,1.0093,16.6,,36325940,37783992,0.9614,9.1143
6855,18.1234,2.7057,14.43,76.7,1.6888,-55.6,,587620,526472,1.1161,21.1138
9984,7.1968,2.0407,28.39,29,0.2615,17.7,,62202860,63166428,0.9847,5.505
7803,13.0499,2.082,14.65,46.5,0.5695,-34.4,,1216360,1380280,0.8812,-1.8073
4592,-14.3096,5.5052,129000000,85.4,0,1,,517260,871524,0.5935,-0.1909
5333,19.2973,2.0005,10.14,65,2.3649,-12.7,,1268620,1412308,0.8983,6.7554
6574,10.6255,5.6777,47.96,57.6,0.8065,180.9,,802180,741324,1.0821,4.5531
285A,18.8464,7.5339,39.64,37.9,0,1,,45864060,79804092,0.5747,143.2466
5802,22.4975,2.7883,11.99,56.9,2.345,-34.4,,21267460,18385136,1.1568,13.0475
6503,21.7674,2.4023,10.83,60.9,1.6147,-59,,6578140,5950164,1.1055,-0.1677
6504,19.1885,2.6996,14.1,56.9,2.0948,86.3,,717540,660436,1.0865,9.4784
6963,69.5953,2.6626,3.75,59.1,0.9564,47.6,,3232900,2998288,1.0782,8.8786
6882,17.3907,0.635,3.67,76.2,4.2052,30.8,,27500,36084,0.7621,2.812
4063,21.3603,2.5121,11.53,78.7,2.0896,93.8,,7320860,6491924,1.1277,2.9488
9247,15.7152,0.948,6.05,48.4,4.4883,1,,272360,261504,1.0415,-7.9258
6594,24.2664,3.0557,12.59,25.6,0,-13.2,,29608640,9700312,3.0523,-17.8591
8058,15.6295,1.8206,11.42,39.1,3.6643,385.4,,8503340,8151856,1.0431,-3.6931
9418,17.2583,3.2537,18.85,37.6,0.9659,-2.9,,387840,621408,0.6241,0.397
3635,17.7336,2.0225,11.1,86.7,4.0109,20,,817320,871156,0.9382,-1.753
3543,18.4079,2.5475,13.71,45.2,2.1856,21.2,,215500,274512,0.785,-3.1548
8008,17.1005,1.1032,6.6,59.6,3.9829,87.4,,73420,90056,0.8153,0.1444
8237,215.533,4.044,1.91,35,0.5652,-26.4,,283380,504708,0.5615,-7.9454
1860,11.8752,1.0635,7.27,39.1,6.2678,-6.2,,775300,766544,1.0114,-6.3026
2269,17.6065,1.4243,8.09,61.2,3.9419,-3.1,,1267860,1049768,1.2078,-6.6132
5711,4.6522,0.8842,18.06,24.5,3.1721,-6.3,,1536720,2299592,0.6683,-5.923
1605,8.4226,0.9073,9.99,61.4,2.868,64.1,,5633840,5446460,1.0344,-4.4131
5021,15.0126,1.0896,6.5,27.6,5.7692,157,,661260,673348,0.982,-5.2892
5121,14.4649,1.6552,9.64,76.2,4,15.5,,125500,93612,1.3406,7.0298
1419,69.0488,2.8227,13.48,34.3,4.3268,2.6,,67520,145196,0.465,-0.6875
8630,11.8365,1.1262,9.24,27.8,3.8326,8630,,2591620,2286532,1.1334,-4.0419
8304,17.3786,0.9784,5.41,5.6,2.7737,8304,,1352860,1337784,1.0113,-1.686
6330,25.6861,3.165,12.88,16.7,0,25.9,,4685800,7660660,0.6117,-1.9666
186A,-22.5373,21.1535,-210.18,23.8,0,1,,4407700,3859976,1.1419,6.9097
6269,10.2794,2.6178,3516.67,30.5,2.0664,-81.9,,697760,626756,1.1133,-6.1861
7746,377.1318,10.7549,2.95,30.1,0,-65.5,,1941260,1004520,1.9325,18.295
3205,25.8348,1.9998,8.82,27.3,6.8027,1,,75980,88656,0.857,-0.4766
5020,8.7593,1.0888,11.07,37.1,3.739,100.9,,10295760,9796676,1.0509,-2.1717
581A,31.1127,11.0308,44.93,32.6,0,1,,2052080,3328056,0.6166,-0.679
1885,11.1194,1.3833,12.5,38.2,6.6427,-51.3,,357060,422400,0.8453,-1.9599
543A,2.5452,9.5326,32.15,,1.4286,,,20686780,21410804,0.9662,0.4448
485A,-124.2991,37.2614,7.09,23.7,0,1,,5091960,8833460,0.5764,5.6268
5816,9.2618,0.634,6.4,66,3.8781,109.6,,25960,16580,1.5657,-0.4577
9697,32.0808,6.9605,20.25,78.8,1.5288,-48.9,,6528640,3367240,1.9389,2.9916
1407,16.4137,2.4273,14.79,24.4,3.1574,-26.9,,328260,441096,0.7442,-5.5744
5401,11.5787,0.6072,5.15,37.7,13.0739,32.2,,34124480,35289768,0.967,-5.5286
5464,10.6231,0.5811,5.43,80.5,5.8101,20.8,,38780,26260,1.4768,-3.9906
5713,11.016,1.268,11.13,58.3,3.4039,82.9,,2704640,2687544,1.0064,-3.5788
5845,11.287,3.9042,35.91,32.5,3.3195,1,,22320,28216,0.791,-0.6268
3760,-1.5658,1.7467,46.79,27.3,0,1,,10900,10588,1.0295,1.3966
7164,12.1485,1.6205,13.46,48.9,5.6856,1.7,,412940,300308,1.3751,-5.0673
8306,16.6252,1.796,10.9,5.2,3.781,8306,,46894460,41602292,1.1272,-3.1525
8316,7.4199,0.803,10.56,4.8,5.0738,8316,,28031120,25258672,1.1098,66.7085
8473,4.5844,1.1008,23.82,4.7,4.089,74.6,,3577880,4020024,0.89,-6.58
8570,21.2075,0.6671,3.22,5.7,3.5969,-39.9,,740820,642728,1.1526,-9.2739
9432,14.1113,1.4221,9.94,20.8,4.7087,3.5,,204425840,205082276,0.9968,-2.1088
9433,15.0859,2.1721,14.26,26.6,4.212,-0.6,,9903620,8832608,1.1213,-3.0291
9064,38.945,1.0911,2.85,44.6,3.507,-81,,1415600,1208240,1.1716,-0.3162
9143,14.0129,1.5394,11.02,44.4,5.6778,15.1,,1788840,1502748,1.1904,-4.8937
9303,18.0375,0.9932,5.47,61.2,3.7775,223.9,,131120,99248,1.3211,-1.8243
3810,-3.9434,2.3084,-145.99,90.4,0,-5.8,,383400,922796,0.4155,0.7226
8002,13.2527,1.774,13,41.4,3.4921,113,,5548020,5079124,1.0923,-4.9969
9101,12.0075,0.9426,7.71,59.1,4.9013,68.3,,2549280,2845128,0.896,-1.1221
6191,16.7441,2.1749,11.56,47.4,11.502,-38.5,,921100,923780,0.9971,26.5498
4462,14.6061,1.6304,10.87,82.4,2.3051,6.7,,89160,45156,1.9745,2.3666
5334,6.9792,0.9611,12.4,62.8,5.5216,59.7,,2210120,2491064,0.8872,68.8526
8031,15.1049,1.5846,10.24,42.1,3.774,21.5,,6230980,6511256,0.957,-3.0405
8035,9.6447,2.6896,28.07,71.5,4.2116,-17.1,,16721260,15419092,1.0845,224.4594
8053,12.9983,1.781,13.3,33.9,3.3275,54.9,,10627000,10744920,0.989,-3.8033
7735,25.4342,6.0099,23.13,67.4,1.3353,105.3,,2507080,1892204,1.325,15.4328
4661,40.5836,4.1983,10.09,67.5,0.8166,7.1,,5864500,5055508,1.16,-6.9289
3994,208.0264,8.1057,3.88,32,0,1,,404380,564000,0.717,-2.1572
4901,14.1509,1.0403,7.18,63.4241,3.2438,4901,,4511380,3971376,1.136,0.0121
7201,49.1259,0.2047,0.41,24.2,0,-14.2,,56028960,41675572,1.3444,-9.4308
7203,10.4081,0.9326,8.71,37.8,5.0761,-42,,29444860,25566928,1.1517,-5.6669
7267,13.4996,0.5483,3.88,35.3,6.3082,-8.6,,14601540,14449512,1.0105,-1.2682
7832,28.329,4.2784,14.68,72.3,1.7067,64.3,,2541880,2629772,0.9666,3.088
7974,29.1893,3.0631,10.62,77.6,2.7902,-15.1,,6957280,7771192,0.8953,-6.7868
2503,11.5219,1.7657,14.24,36.8,2.6738,-47.2,,3282740,2907004,1.1293,-2.9882
2914,18.8294,2.967,14.66,48.5,3.8946,15.7,,4740640,3653932,1.2974,-0.335
4452,23.0481,2.9237,12.06,56.7,2.2536,-68.3,,3292240,2774048,1.1868,-1.8248
4680,17.8664,3.9478,21.28,26.7,1.8131,96.8,,2303500,2238440,1.0291,-0.1448
4751,15.2257,3.4659,20,32.3,3.0057,178.3,,4584480,4552916,1.0069,-2.7692
9501,-1.8483,0.2478,4.29,21.8,0,12.4,,35405000,38173220,0.9275,-3.4044
642A,,,,,3.8081,,,1381360,2153976,0.6413,-6.4762
9531,14.8908,1.1984,7.94,44.1,2.7539,182.5,,1202940,1026316,1.1721,-0.8602
2752,536.9159,6.788,1.29,35.5,0.2611,-20.2,,85540,76696,1.1153,-0.2916
3197,35.1342,3.8413,10.52,36.2,0.7578,-99.3,,1008280,921992,1.0936,-3.7363
3563,36.5584,11.727,25.29,24,0.7401,-71.3,,2370940,2710376,0.8748,-5.8948
5032,13.234,6.8149,52.26,73.9,2.447,1,,440280,690968,0.6372,0.4102
6081,125.8621,1.2624,1,55.5,0,-85,,155260,1026864,0.1512,-4.124
141A,130.3894,3.5171,8.17,42,0.4533,1,,511640,545128,0.9386,-3.9644
2678,26.8129,2.2438,8.62,20.8,0.8347,-9.7,,402340,389232,1.0337,-4.5996
5253,19.5211,4.9329,28.2,57.2,0,1,,1536680,1536412,1.0002,-6.9964
3382,16.4477,1.263,7.54,39.6,2.7806,-19.9,,8503000,8876036,0.958,-2.2041
4385,16.513,4.2743,25.83,18.9,0,203.5,,1698780,2006560,0.8466,-11.4978
4755,-8.0508,1.4477,16.99,3.4,0,1,,23199460,17996792,1.2891,-8.5613
7636,10.3039,0.577,5.84,72.6,3.7975,-35.4,,4420,5468,0.8083,-0.7687
8136,22.4439,9.1914,39.1,66.4,1.8459,-48.1,,10893500,16159816,0.6741,-3.796
9831,16.9025,0.7415,4.4,48.6,2.4038,-42.8,,6155440,4655924,1.3221,-0.6088
4502,53.7224,1.2,2.2,47.9,5.3518,-39.4,,4694220,4254964,1.1032,-2.7478
4503,13.4174,2.1989,15.44,51.3,5.2561,-8.2,,6658940,6145468,1.0836,-3.8453
4540,10.536,0.858,8.02,54.3,6.1032,3.3,,529480,561488,0.943,-1.9426
7733,31.9309,2.655,8.4,52.8,1.5322,61.2,,4108540,4211644,0.9755,-3.4488
6658,11.1722,0.6115,5.55,57.1,7.83,221.8,,28520,37028,0.7702,-1.0712
1615,,,47.2817,97.1498,2.732,1,,3110382,3758794,0.8275,-0.879
1617,,,25.059,97.6359,2.1893,1,,288,340,0.8471,-1.4807
1618,,,25.7736,97.5804,2.0896,1,,1256,1490,0.843,-2.5136
1623,,,18.2119,98.9958,0.8296,1,,903,1030,0.8767,4.6479
1625,,,30.4073,99.4271,0.4381,1,,519,504,1.0298,5.8383
1627,,,20.2602,98.3612,1.3896,1,,5078,6125,0.8291,-3.6331
1628,,,25.8292,96.7892,3.0259,1,,376,370,1.0162,-2.2246
1630,,,16.6281,98.3681,1.5096,1,,247,748,0.3302,-1.5278
1632,,,34.9941,97.3052,2.6539,1,,1893,1213,1.5606,-3.0173
2558,,,10.0995,99.492,0.8481,1,,111800,151402,0.7384,0.7657
6750,14.1028,1.4944,10.46,74.4,4.2893,-17.6,,198460,182740,1.086,0.0219
8766,1.1615,0.0955,10.13,24.1,27.007,8766,,113003020,95019344,1.1893,348.509
1801,13.0731,2.0822,16.18,34.9,4.1288,79.5,,769720,772044,0.997,-3.9087
4523,24.5842,1.4749,5.96,62,5.1064,-86.6,,1244420,1209032,1.0293,-1.7526
6526,38.8811,2.9205,7.78,79.4,3.3829,1,,5881340,6274024,0.9374,10.2228
4776,18.0782,7.7043,42.5,59.1,1.3482,295.5,,150640,239964,0.6278,-2.5577
9603,-80.3438,1.4464,8.5,14.4,0.9302,-36.6,,497960,475488,1.0473,-6.4957
9041,13.5124,1.0382,7.56,23.6,2.8443,11,,1381960,854360,1.6175,-4.1255
7752,15.1453,0.9186,5.26,45.5,3.7293,69.9,,1994760,1911068,1.0438,0.4483
7011,33.7225,4.1484,11.98,37.4,1.0228,-97.4,,14445280,15919932,0.9074,-0.3814
9201,11.6794,0.9962,7.6,40.3,4.8177,-22.2,,2657660,2074056,1.2814,-1.0979
6758,18.214,2.7308,14.46,51.8,1.1324,30.3,,15347720,14507960,1.0579,-0.7521
8951,7.3328,,64.48,51.1679,4.1961,8951,,48883,37969,1.2874,-3.9747
9020,14.5938,1.2213,8.33,28.2,3.5194,4.3,,3338640,2878500,1.1599,-5.7553
5016,19.7388,4.6046,27.09,48.3,1.1351,1,,20943400,17444112,1.2006,-1.4805
7157,14.3137,1.2278,8.66,78.5,0,7157,,379360,274836,1.3803,1.5091
265A,99.6099,1.837,1.86,80.7,0,1,,17180,65356,0.2629,2.4777
464A,70.297,2.8794,6,74.6,0,,,706960,1142400,0.6188,-5.548
6920,53.4543,16.7512,36.46,73.3,0.7132,321.4,,4826180,3522888,1.3699,25.08
3350,-2.2156,0.7249,26.21,90.7,0,1,,21059320,31614156,0.6661,4.1518
6146,48.2386,11.1481,23.1,78.9,1.1212,39.8,,1808420,1440916,1.255,9.0669
1417,11.8635,1.0918,9.25,48.7,3.778,170.5,,261560,210828,1.2406,-3.3036
